epoch,steps,cosine_pearson,cosine_spearman,euclidean_pearson,euclidean_spearman,manhattan_pearson,manhattan_spearman,dot_pearson,dot_spearman
-1,-1,0.5228639214534965,0.4638759173433662,0.41776922762874746,0.24736516398521174,0.43751964946381305,0.2474004892497953,0.49152700440109165,0.525726039655815
